pitch,firstVelocity,lastVelocity,levelSpanDb,lowToHighCentroidRatio,lowToHighAbove2kDelta,inversionsOverLimit,minimumAdjacentLevelChangeDb
21,14,124,9.4684,0.9531,0.000272,0,0.2922
22,14,124,10.0263,1.6837,0.000286,0,0.2956
23,14,124,8.9923,1.9631,0.000292,0,0.3027
24,14,124,8.2229,0.5465,0.000222,0,0.2946
25,14,124,8.3335,0.653,0.00025,0,0.2962
26,14,124,7.665,2.4317,0.000277,0,-0.1699
27,14,124,8.6073,0.4393,0.000207,0,0.2705
28,14,124,9.0643,0.356,0.000157,0,0.3004
29,14,124,9.019,2.8083,0.000276,0,0.2919
30,14,124,7.9768,3.0199,0.000262,0,0.2169
31,14,124,8.3049,2.2691,0.000284,0,0.2935
32,14,124,8.2687,2.4261,0.000283,0,0.2888
33,14,124,9.2369,2.261,0.000273,0,0.2902
34,14,124,8.3112,2.1515,0.000383,0,0.2919
35,14,124,8.093,2.7995,0.000625,0,0.1512
36,14,124,9.1758,1.9797,0.000694,0,0.3097
37,14,124,9.1018,1.6403,0.000926,0,0.311
38,14,124,8.7803,1.7258,0.001163,0,0.3176
39,14,124,9.2463,2.57,0.00129,0,0.3154
40,14,124,9.1361,1.809,0.001529,0,0.3326
41,14,124,9.0067,2.1305,0.001668,0,0.3175
42,14,124,9.8778,2.3967,0.001976,0,0.3698
43,14,124,9.6928,2.5852,0.00301,0,0.2793
44,14,124,9.5078,2.691,0.003784,0,0.3634
45,14,124,9.7991,2.6955,0.004239,0,0.3882
46,14,124,10.3461,2.576,0.004204,0,0.4124
47,14,124,10.5668,2.2925,0.003717,0,0.4229
48,14,124,10.5477,2.2969,0.003088,0,0.4263
49,14,124,10.6412,2.3463,0.003444,0,0.4319
50,14,124,10.8585,2.1151,0.003731,0,0.4434
51,14,124,11.141,2.2422,0.004818,0,0.4402
52,14,124,11.298,2.3345,0.005218,0,0.4484
53,14,124,11.1378,2.313,0.00574,0,0.456
54,14,124,11.4492,2.1953,0.005586,0,0.4557
55,14,124,11.6232,2.2689,0.006062,0,0.4567
56,14,124,11.1076,2.3079,0.007044,0,0.4593
57,14,124,9.404,2.6639,0.009551,0,0.356
58,14,124,11.524,2.422,0.006933,0,0.4669
59,14,124,11.841,2.3271,0.006752,0,0.4676
60,14,124,11.164,2.438,0.008425,0,0.46
61,14,124,10.7588,2.4412,0.006485,0,0.432
62,14,124,11.0795,2.3894,0.005591,0,0.4533
63,14,124,11.5607,2.2522,0.006496,0,0.4692
64,14,124,11.4876,2.3633,0.005587,0,0.4572
65,14,124,11.6667,2.3363,0.007588,0,0.4545
66,14,124,12.0395,2.4424,0.004593,0,0.4679
67,14,124,12.5266,2.1039,0.005016,0,0.4666
68,14,124,13.221,2.4223,0.007306,0,0.4668
69,14,124,14.3983,2.4391,0.022462,0,0.4709
70,14,124,15.0522,2.199,0.003611,0,0.4438
71,14,124,16.4069,2.0418,0.003887,0,0.4403
72,14,124,18.2512,2.1825,0.008325,0,0.4405
73,14,124,20.6792,2.1481,0.004846,0,0.4455
74,14,124,23.9855,1.8491,0.00415,0,0.4491
75,14,124,28.457,1.7413,0.004382,0,0.4278
76,14,124,32.2458,1.8391,0.003221,0,0.3899
77,14,124,32.0648,1.8349,0.017393,0,0.4025
78,14,124,31.7741,1.6551,0.016833,0,0.4305
79,14,124,33.669,1.5941,0.014808,0,0.4391
80,14,124,38.0635,1.7221,0.012209,0,0.4186
81,14,124,35.6917,1.6754,-0.000069,0,0.3063
82,14,124,33.8797,2.0372,0.007269,0,0.413
83,14,124,32.8654,1.8514,0.00722,0,-0.8413
84,14,124,31.971,1.7013,-0.00389,0,-0.0511
85,14,124,31.5473,1.8233,-0.127788,0,-0.9073
86,14,124,27.6488,3.0856,0.029335,0,-0.8377
87,14,124,23.5437,5.2042,0.34313,0,-0.3037
88,14,124,21.8598,4.8519,0.402203,0,-0.1436
89,14,124,19.8146,4.5597,0.267604,0,0.1216
90,14,124,16.7508,4.4959,0.256994,0,0.1896
91,14,124,15.7436,4.7991,0.357142,0,0.2891
92,14,124,14.9811,6.2687,0.442065,0,0.374
93,14,124,14.8958,5.0557,0.359777,0,0.44
94,14,124,13.9257,6.7889,0.332221,0,0.4435
95,14,124,12.921,8.8465,0.448373,0,0.4136
96,14,124,12.1681,8.7039,0.822738,0,0.1567
97,14,124,12.9805,7.3122,0.632626,0,0.4587
98,14,124,11.6731,8.0473,0.634432,0,-0.0485
99,14,124,12.5016,10.1215,0.469965,0,0.4513
100,14,124,12.157,6.832,0.412129,0,0.4548
101,14,124,12.2143,9.2658,0.430197,0,0.4329
102,14,124,12.0178,7.7945,0.284833,0,0.4438
103,14,124,11.8038,12.671,0.273069,0,0.4396
104,14,124,11.7428,9.0053,0.143696,0,0.4328
105,14,124,11.599,13.3212,0.104768,0,0.4355
106,14,124,11.6756,7.872,0.053735,0,0.4319
107,14,124,11.6187,9.6062,0.023243,0,0.4323
108,14,124,11.5367,13.4074,0.017799,0,0.4305
